{"cameraMode":{"drawMode":0,"name":"Shaded","section":"Shading Mode"},"sceneLighting":false,"audioPlay":false,"sceneViewState":{"showFog":false,"showMaterialUpdate":true,"showSkybox":false,"showFlares":false,"showImageEffects":true,"showParticleSystems":true},"in2DMode":false,"pivot":{"x":-16.146135330200197,"y":2.66911244392395,"z":-16.287220001220704},"rotation":{"x":-0.0029981336556375028,"y":0.03539052978157997,"z":0.00010618267697282135,"w":0.9993696808815002},"size":7.780649185180664,"orthographic":false}